Country Name,2018,2019,2020,2021,2022,2023,2024,2025,2026,2027,2028,2029,2030
Afghanistan,115.2793087,116.3608592,117.4424096,118.52396,119.6055104,120.6870608,121.7686112,122.8501617,123.9317121,125.0132625,126.0948129,127.1763633,128.2579137
Angola,141.823378,144.3579235,146.892469,149.4270145,151.96156,154.4961055,157.030651,159.5651965,162.099742,164.6342875,167.168833,169.7033785,172.237924
Albania,129.7883707,131.693037,133.5977034,135.5023697,137.407036,139.3117023,141.2163686,143.121035,145.0257013,146.9303676,148.8350339,150.7397002,152.6443666
Arab World,120.2439409,122.1723808,124.1008208,126.0292607,127.9577007,129.8861407,131.8145806,133.7430206,135.6714605,137.5999005,139.5283404,141.4567804,143.3852203
United Arab Emirates,114.9253048,117.2010838,119.4768629,121.752642,124.0284211,126.3042002,128.5799793,130.8557584,133.1315375,135.4073166,137.6830957,139.9588748,142.2346539
Argentina,117.591509,119.1587454,120.7259817,122.2932181,123.8604545,125.4276909,126.9949273,128.5621636,130.1294,131.6966364,133.2638728,134.8311092,136.3983455
American Samoa,99.89336324,100.5347363,101.1761094,101.8174825,102.4588556,103.1002287,103.7416018,104.3829749,105.0243479,105.665721,106.3070941,106.9484672,107.5898403
Antigua and Barbuda,86.63922718,86.64019372,86.64116025,86.64212679,86.64309333,86.64405987,86.64502641,86.64599295,86.64695949,86.64792603,86.64889256,86.6498591,86.65082564
Australia,111.9877547,113.2648457,114.5419367,115.8190276,117.0961186,118.3732095,119.6503005,120.9273915,122.2044824,123.4815734,124.7586643,126.0357553,127.3128463
Austria,109.2091954,109.850633,110.4920706,111.1335083,111.7749459,112.4163835,113.0578211,113.6992587,114.3406963,114.982134,115.6235716,116.2650092,116.9064468
Burundi,118.5644096,119.4899405,120.4154713,121.3410022,122.266533,123.1920638,124.1175947,125.0431255,125.9686563,126.8941872,127.819718,128.7452488,129.6707797
Benin,136.7863677,139.244477,141.7025864,144.1606957,146.618805,149.0769143,151.5350236,153.9931329,156.4512423,158.9093516,161.3674609,163.8255702,166.2836795
Burkina Faso,123.0003851,125.0853679,127.1703507,129.2553335,131.3403163,133.425299,135.5102818,137.5952646,139.6802474,141.7652302,143.850213,145.9351958,148.0201786
Bangladesh,127.2364931,129.0849033,130.9333135,132.7817237,134.6301339,136.478544,138.3269542,140.1753644,142.0237746,143.8721848,145.7205949,147.5690051,149.4174153
Bulgaria,109.6940291,108.5822892,107.4705492,106.3588093,105.2470694,104.1353294,103.0235895,101.9118496,100.8001097,99.68836972,98.57662978,97.46488985,96.35314992
Bahrain,161.3234956,163.0748066,164.8261176,166.5774286,168.3287396,170.0800506,171.8313616,173.5826726,175.3339836,177.0852945,178.8366055,180.5879165,182.3392275
"Bahamas, The",123.5162573,125.0716631,126.6270689,128.1824747,129.7378806,131.2932864,132.8486922,134.404098,135.9595038,137.5149096,139.0703155,140.6257213,142.1811271
Belize,110.2800967,112.0978118,113.915527,115.7332421,117.5509573,119.3686724,121.1863875,123.0041027,124.8218178,126.639533,128.4572481,130.2749633,132.0926784
Bermuda,98.94394723,98.67176869,98.39959015,98.1274116,97.85523306,97.58305451,97.31087597,97.03869743,96.76651888,96.49434034,96.22216179,95.94998325,95.67780471
Bolivia,130.6828777,132.8899789,135.0970801,137.3041813,139.5112825,141.7183837,143.9254848,146.132586,148.3396872,150.5467884,152.7538896,154.9609908,157.1680919
Brazil,129.0064481,131.2993967,133.5923453,135.885294,138.1782426,140.4711912,142.7641398,145.0570884,147.350037,149.6429856,151.9359342,154.2288828,156.5218314
Barbados,85.19052058,84.37259028,83.55465999,82.73672969,81.9187994,81.1008691,80.28293881,79.46500851,78.64707822,77.82914792,77.01121763,76.19328733,75.37535704
Brunei Darussalam,140.4142776,143.065712,145.7171463,148.3685807,151.020015,153.6714494,156.3228837,158.9743181,161.6257524,164.2771868,166.9286212,169.5800555,172.2314899
Bhutan,110.1249199,111.8273385,113.5297571,115.2321757,116.9345942,118.6370128,120.3394314,122.04185,123.7442686,125.4466872,127.1491058,128.8515244,130.553943
Botswana,125.3041737,126.8248115,128.3454494,129.8660872,131.3867251,132.9073629,134.4280008,135.9486386,137.4692765,138.9899143,140.5105522,142.03119,143.5518279
Central African Republic,121.5031282,123.2870902,125.0710522,126.8550141,128.6389761,130.4229381,132.2069001,133.990862,135.774824,137.558786,139.342748,141.1267099,142.9106719
Canada,116.1639964,117.6213595,119.0787226,120.5360856,121.9934487,123.4508118,124.9081749,126.3655379,127.822901,129.2802641,130.7376272,132.1949902,133.6523533
Switzerland,108.6611295,108.9631048,109.2650802,109.5670555,109.8690308,110.1710062,110.4729815,110.7749568,111.0769322,111.3789075,111.6808828,111.9828582,112.2848335
Chile,116.5931199,118.4159981,120.2388762,122.0617544,123.8846325,125.7075107,127.5303889,129.353267,131.1761452,132.9990233,134.8219015,136.6447796,138.4676578
China,127.9226502,130.2845075,132.6463649,135.0082223,137.3700797,139.7319371,142.0937945,144.4556519,146.8175093,149.1793667,151.5412241,153.9030814,156.2649388
Cote d'Ivoire,127.2775891,129.3684517,131.4593143,133.5501768,135.6410394,137.731902,139.8227646,141.9136272,144.0044898,146.0953523,148.1862149,150.2770775,152.3679401
Cameroon,139.1259189,141.438559,143.7511991,146.0638392,148.3764793,150.6891194,153.0017595,155.3143996,157.6270397,159.9396798,162.25232,164.5649601,166.8776002
"Congo, Dem. Rep.",120.6690098,121.5900779,122.5111461,123.4322142,124.3532823,125.2743505,126.1954186,127.1164867,128.0375548,128.958623,129.8796911,130.8007592,131.7218274
"Congo, Rep.",123.0813087,124.7830722,126.4848357,128.1865992,129.8883627,131.5901262,133.2918897,134.9936532,136.6954167,138.3971802,140.0989437,141.8007071,143.5024706
Colombia,119.7710952,121.5164834,123.2618716,125.0072598,126.752648,128.4980362,130.2434244,131.9888126,133.7342009,135.4795891,137.2249773,138.9703655,140.7157537
Comoros,116.6992535,118.0884352,119.4776169,120.8667986,122.2559804,123.6451621,125.0343438,126.4235255,127.8127072,129.2018889,130.5910707,131.9802524,133.3694341
Cabo Verde,109.4111143,111.0896327,112.7681511,114.4466695,116.1251879,117.8037063,119.4822247,121.1607431,122.8392615,124.5177799,126.1962983,127.8748167,129.5533351
Costa Rica,126.1287105,128.275059,130.4214076,132.5677561,134.7141047,136.8604532,139.0068017,141.1531503,143.2994988,145.4458474,147.5921959,149.7385444,151.884893
Caribbean small states,110.5298534,111.253687,111.9775206,112.7013543,113.4251879,114.1490215,114.8728552,115.5966888,116.3205224,117.0443561,117.7681897,118.4920233,119.215857
Cuba,114.0702723,114.0701302,114.0699881,114.069846,114.0697039,114.0695618,114.0694197,114.0692776,114.0691355,114.0689934,114.0688513,114.0687092,114.0685671
Cayman Islands,96.53657026,94.66333657,92.79010287,90.91686918,89.04363548,87.17040178,85.29716809,83.42393439,81.5507007,79.677467,77.80423331,75.93099961,74.05776591
Cyprus,100.9532139,101.408795,101.8643761,102.3199572,102.7755383,103.2311194,103.6867005,104.1422816,104.5978627,105.0534438,105.5090249,105.964606,106.4201871
Germany,110.9472908,111.4438575,111.9404243,112.436991,112.9335578,113.4301246,113.9266913,114.4232581,114.9198248,115.4163916,115.9129583,116.4095251,116.9060919
Djibouti,139.3479851,141.7913187,144.2346524,146.677986,149.1213196,151.5646533,154.0079869,156.4513205,158.8946542,161.3379878,163.7813214,166.2246551,168.6679887
Dominica,117.0194622,117.1822345,117.3450068,117.5077792,117.6705515,117.8333238,117.9960961,118.1588685,118.3216408,118.4844131,118.6471854,118.8099578,118.9727301
Denmark,111.5076954,112.3350386,113.1623818,113.989725,114.8170682,115.6444113,116.4717545,117.2990977,118.1264409,118.9537841,119.7811273,120.6084705,121.4358136
Dominican Republic,125.9749834,127.5369018,129.0988201,130.6607384,132.2226567,133.7845751,135.3464934,136.9084117,138.47033,140.0322484,141.5941667,143.156085,144.7180033
Algeria,126.6924606,128.8506917,131.0089228,133.1671539,135.325385,137.4836161,139.6418472,141.8000783,143.9583094,146.1165405,148.2747716,150.4330027,152.5912339
East Asia & Pacific (excluding high income),129.0020956,131.3252889,133.6484822,135.9716754,138.2948687,140.618062,142.9412552,145.2644485,147.5876418,149.9108351,152.2340283,154.5572216,156.8804149
Early-demographic dividend,127.4556142,129.424235,131.3928559,133.3614767,135.3300976,137.2987184,139.2673393,141.2359601,143.204581,145.1732018,147.1418227,149.1104436,151.0790644
East Asia & Pacific,125.7802572,127.9253717,130.0704861,132.2156006,134.360715,136.5058295,138.6509439,140.7960583,142.9411728,145.0862872,147.2314017,149.3765161,151.5216305
Ecuador,120.2869714,122.0480915,123.8092116,125.5703317,127.3314518,129.0925719,130.8536919,132.614812,134.3759321,136.1370522,137.8981723,139.6592924,141.4204125
"Egypt, Arab Rep.",121.1095631,123.1990701,125.2885771,127.378084,129.467591,131.557098,133.646605,135.736112,137.825619,139.9151259,142.0046329,144.0941399,146.1836469
Euro area,111.7112393,112.4533172,113.1953952,113.9374732,114.6795511,115.4216291,116.1637071,116.905785,117.647863,118.3899409,119.1320189,119.8740969,120.6161748
Spain,115.9424334,117.2836842,118.624935,119.9661857,121.3074365,122.6486873,123.989938,125.3311888,126.6724396,128.0136903,129.3549411,130.6961919,132.0374427
European Union,109.6232631,110.2401648,110.8570665,111.4739681,112.0908698,112.7077714,113.3246731,113.9415748,114.5584764,115.1753781,115.7922798,116.4091814,117.0260831
Fragile and conflict affected situations,117.2370337,118.8775281,120.5180224,122.1585168,123.7990111,125.4395055,127.0799998,128.7204941,130.3609885,132.0014828,133.6419772,135.2824715,136.9229659
Finland,99.73725313,99.80927866,99.88130419,99.95332972,100.0253553,100.0973808,100.1694063,100.2414318,100.3134574,100.3854829,100.4575084,100.529534,100.6015595
Fiji,101.7717963,102.3316453,102.8914944,103.4513434,104.0111924,104.5710415,105.1308905,105.6907395,106.2505885,106.8104376,107.3702866,107.9301356,108.4899847
France,108.4428477,108.9194575,109.3960674,109.8726772,110.3492871,110.8258969,111.3025067,111.7791166,112.2557264,112.7323363,113.2089461,113.685556,114.1621658
Faroe Islands,115.1302576,116.00977,116.8892823,117.7687947,118.6483071,119.5278194,120.4073318,121.2868442,122.1663565,123.0458689,123.9253813,124.8048936,125.684406
Gabon,121.4534663,122.8563865,124.2593066,125.6622268,127.065147,128.4680671,129.8709873,131.2739075,132.6768276,134.0797478,135.482668,136.8855881,138.2885083
United Kingdom,112.7916927,113.3309147,113.8701368,114.4093588,114.9485808,115.4878028,116.0270249,116.5662469,117.1054689,117.644691,118.183913,118.723135,119.262357
Ghana,127.9098699,130.0942663,132.2786626,134.4630589,136.6474552,138.8318515,141.0162479,143.2006442,145.3850405,147.5694368,149.7538331,151.9382294,154.1226258
Guinea,123.2159017,125.0182809,126.8206602,128.6230394,130.4254186,132.2277979,134.0301771,135.8325563,137.6349356,139.4373148,141.239694,143.0420733,144.8444525
"Gambia, The",99.15198326,99.94581563,100.739648,101.5334804,102.3273127,103.1211451,103.9149774,104.7088098,105.5026422,106.2964745,107.0903069,107.8841393,108.6779716
Guinea-Bissau,129.6022895,131.7583236,133.9143576,136.0703916,138.2264256,140.3824597,142.5384937,144.6945277,146.8505618,149.0065958,151.1626298,153.3186638,155.4746979
Equatorial Guinea,90.60102225,90.60150485,90.60198744,90.60247004,90.60295263,90.60343523,90.60391782,90.60440042,90.60488301,90.60536561,90.6058482,90.60633079,90.60681339
Greece,110.780849,111.5916829,112.4025167,113.2133506,114.0241845,114.8350183,115.6458522,116.4566861,117.2675199,118.0783538,118.8891877,119.7000215,120.5108554
Grenada,107.9184737,106.9022355,105.8859974,104.8697592,103.853521,102.8372828,101.8210447,100.8048065,99.78856829,98.77233011,97.75609194,96.73985376,95.72361558
Greenland,109.8825052,110.5614521,111.240399,111.9193459,112.5982928,113.2772397,113.9561866,114.6351335,115.3140804,115.9930273,116.6719742,117.3509211,118.029868
Guatemala,132.5785996,134.9490061,137.3194126,139.6898192,142.0602257,144.4306322,146.8010387,149.1714453,151.5418518,153.9122583,156.2826648,158.6530713,161.0234779
Guam,106.7731252,107.8456161,108.9181071,109.990598,111.0630889,112.1355798,113.2080708,114.2805617,115.3530526,116.4255435,117.4980345,118.5705254,119.6430163
Guyana,116.5771753,117.5882902,118.5994051,119.61052,120.6216349,121.6327498,122.6438647,123.6549796,124.6660945,125.6772094,126.6883243,127.6994392,128.7105541
High income,112.5196728,113.5276549,114.535637,115.5436191,116.5516012,117.5595833,118.5675654,119.5755475,120.5835297,121.5915118,122.5994939,123.607476,124.6154581
"Hong Kong SAR, China",66.95629814,64.64221381,62.32812949,60.01404517,57.69996084,55.38587652,53.07179219,50.75770787,48.44362354,46.12953922,43.81545489,41.50137057,39.18728624
Honduras,115.1232978,116.6386033,118.1539088,119.6692143,121.1845198,122.6998253,124.2151308,125.7304363,127.2457418,128.7610473,130.2763528,131.7916583,133.3069638
Heavily indebted poor countries (HIPC),126.2049335,128.0483232,129.8917129,131.7351026,133.5784923,135.4218821,137.2652718,139.1086615,140.9520512,142.7954409,144.6388306,146.4822203,148.32561
Haiti,131.1971113,132.3282967,133.4594821,134.5906674,135.7218528,136.8530382,137.9842235,139.1154089,140.2465943,141.3777797,142.508965,143.6401504,144.7713358
Hungary,97.89349024,97.94705892,98.0006276,98.05419627,98.10776495,98.16133363,98.2149023,98.26847098,98.32203966,98.37560833,98.42917701,98.48274569,98.53631436
IBRD only,122.5399641,124.5197551,126.499546,128.479337,130.459128,132.438919,134.4187099,136.3985009,138.3782919,140.3580828,142.3378738,144.3176648,146.2974557
IDA & IBRD total,123.5995731,125.5913025,127.5830319,129.5747613,131.5664907,133.5582201,135.5499495,137.5416789,139.5334084,141.5251378,143.5168672,145.5085966,147.500326
IDA total,122.2415563,124.1152783,125.9890003,127.8627223,129.7364443,131.6101663,133.4838883,135.3576103,137.2313323,139.1050543,140.9787763,142.8524983,144.7262203
IDA blend,123.4023253,125.4111581,127.4199909,129.4288236,131.4376564,133.4464892,135.4553219,137.4641547,139.4729875,141.4818202,143.490653,145.4994858,147.5083185
Indonesia,131.9480851,134.2185105,136.4889359,138.7593613,141.0297867,143.3002121,145.5706375,147.8410629,150.1114883,152.3819137,154.6523391,156.9227645,159.1931899
IDA only,125.6193492,127.513179,129.4070088,131.3008386,133.1946684,135.0884982,136.982328,138.8761579,140.7699877,142.6638175,144.5576473,146.4514771,148.3453069
India,133.3462758,135.4027658,137.4592558,139.5157458,141.5722358,143.6287257,145.6852157,147.7417057,149.7981957,151.8546857,153.9111756,155.9676656,158.0241556
Ireland,117.8565727,118.9388536,120.0211345,121.1034154,122.1856963,123.2679773,124.3502582,125.4325391,126.51482,127.5971009,128.6793818,129.7616627,130.8439437
"Iran, Islamic Rep.",117.2813135,119.3257587,121.370204,123.4146492,125.4590945,127.5035397,129.547985,131.5924302,133.6368755,135.6813207,137.725766,139.7702112,141.8146565
Iraq,115.3741159,116.382391,117.3906661,118.3989412,119.4072163,120.4154914,121.4237665,122.4320417,123.4403168,124.4485919,125.456867,126.4651421,127.4734172
Iceland,106.2433907,106.525025,106.8066594,107.0882937,107.369928,107.6515623,107.9331966,108.2148309,108.4964652,108.7780995,109.0597338,109.3413682,109.6230025
Israel,115.2935088,116.8404982,118.3874876,119.934477,121.4814664,123.0284558,124.5754452,126.1224346,127.669424,129.2164134,130.7634028,132.3103923,133.8573817
Italy,101.9443768,102.281553,102.6187292,102.9559054,103.2930816,103.6302578,103.967434,104.3046103,104.6417865,104.9789627,105.3161389,105.6533151,105.9904913
Jamaica,108.0198809,108.7011904,109.3824999,110.0638094,110.7451189,111.4264285,112.107738,112.7890475,113.470357,114.1516666,114.8329761,115.5142856,116.1955951
Jordan,124.4646377,126.6074341,128.7502305,130.893027,133.0358234,135.1786198,137.3214163,139.4642127,141.6070091,143.7498056,145.892602,148.0353984,150.1781949
Japan,107.7554926,108.0225916,108.2896906,108.5567896,108.8238886,109.0909877,109.3580867,109.6251857,109.8922847,110.1593837,110.4264828,110.6935818,110.9606808
Kenya,123.2117331,125.1829662,127.1541993,129.1254324,131.0966654,133.0678985,135.0391316,137.0103647,138.9815978,140.9528309,142.9240639,144.895297,146.8665301
Cambodia,138.37481,140.767231,143.1596519,145.5520728,147.9444937,150.3369147,152.7293356,155.1217565,157.5141774,159.9065983,162.2990193,164.6914402,167.0838611
Kiribati,86.73847491,87.44867745,88.15887999,88.86908253,89.57928507,90.28948761,90.99969015,91.70989269,92.42009523,93.13029776,93.8405003,94.55070284,95.26090538
St. Kitts and Nevis,50.92423962,47.34596929,43.76769896,40.18942863,36.6111583,33.03288798,29.45461765,25.87634732,22.29807699,18.71980667,15.14153634,11.56326601,7.984995682
"Korea, Rep.",122.0886325,123.7774118,125.4661911,127.1549704,128.8437497,130.532529,132.2213083,133.9100876,135.598867,137.2876463,138.9764256,140.6652049,142.3539842
Kuwait,150.5389684,153.5625593,156.5861503,159.6097412,162.6333321,165.6569231,168.680514,171.7041049,174.7276959,177.7512868,180.7748778,183.7984687,186.8220596
Latin America & Caribbean (excluding high income),135.9194584,138.2240421,140.5286258,142.8332095,145.1377932,147.442377,149.7469607,152.0515444,154.3561281,156.6607119,158.9652956,161.2698793,163.574463
Lao PDR,141.540002,144.1956921,146.8513822,149.5070724,152.1627625,154.8184527,157.4741428,160.1298329,162.7855231,165.4412132,168.0969033,170.7525935,173.4082836
Lebanon,114.646453,116.1164902,117.5865273,119.0565645,120.5266016,121.9966388,123.4666759,124.9367131,126.4067502,127.8767874,129.3468245,130.8168617,132.2868988
Liberia,125.4434553,126.7596076,128.0757598,129.3919121,130.7080643,132.0242165,133.3403688,134.656521,135.9726732,137.2888255,138.6049777,139.92113,141.2372822
Libya,129.2398186,131.2182023,133.196586,135.1749696,137.1533533,139.131737,141.1101207,143.0885044,145.066888,147.0452717,149.0236554,151.0020391,152.9804228
St. Lucia,114.703163,112.6428404,110.5825179,108.5221953,106.4618727,104.4015502,102.3412276,100.2809051,98.22058249,96.16025993,94.09993737,92.0396148,89.97929224
Latin America & Caribbean,116.0081665,117.7521217,119.4960769,121.2400321,122.9839873,124.7279424,126.4718976,128.2158528,129.959808,131.7037632,133.4477183,135.1916735,136.9356287
Least developed countries: UN classification,117.7567972,119.4180261,121.0792549,122.7404837,124.4017125,126.0629413,127.7241701,129.385399,131.0466278,132.7078566,134.3690854,136.0303142,137.691543
Low income,118.8099405,120.401677,121.9934136,123.5851502,125.1768867,126.7686233,128.3603598,129.9520964,131.543833,133.1355695,134.7273061,136.3190426,137.9107792
Liechtenstein,117.3450445,118.7469528,120.148861,121.5507693,122.9526776,124.3545859,125.7564942,127.1584025,128.5603108,129.962219,131.3641273,132.7660356,134.1679439
Sri Lanka,127.508915,128.9972378,130.4855605,131.9738833,133.4622061,134.9505289,136.4388517,137.9271745,139.4154973,140.90382,142.3921428,143.8804656,145.3687884
Lower middle income,126.2108674,128.2037925,130.1967175,132.1896426,134.1825676,136.1754927,138.1684177,140.1613428,142.1542678,144.1471929,146.1401179,148.133043,150.125968
Low & middle income,123.5593622,125.570631,127.5818999,129.5931687,131.6044375,133.6157064,135.6269752,137.638244,139.6495128,141.6607817,143.6720505,145.6833193,147.6945882
Lesotho,115.1838982,116.4105921,117.637286,118.8639799,120.0906738,121.3173676,122.5440615,123.7707554,124.9974493,126.2241432,127.4508371,128.677531,129.9042248
Late-demographic dividend,120.8145595,122.8571705,124.8997815,126.9423925,128.9850035,131.0276144,133.0702254,135.1128364,137.1554474,139.1980584,141.2406694,143.2832804,145.3258914
"Macao SAR, China",104.667296,105.7346801,106.8020643,107.8694484,108.9368325,110.0042166,111.0716008,112.1389849,113.206369,114.2737532,115.3411373,116.4085214,117.4759055
Morocco,123.8442735,125.774939,127.7056044,129.6362698,131.5669353,133.4976007,135.4282662,137.3589316,139.2895971,141.2202625,143.150928,145.0815934,147.0122589
Madagascar,120.8724576,122.2054889,123.5385201,124.8715514,126.2045826,127.5376139,128.8706451,130.2036764,131.5367076,132.8697389,134.2027701,135.5358014,136.8688326
Maldives,86.64315704,86.74952314,86.85588924,86.96225534,87.06862144,87.17498753,87.28135363,87.38771973,87.49408583,87.60045193,87.70681803,87.81318412,87.91955022
Middle East & North Africa,116.712379,118.6126613,120.5129436,122.4132259,124.3135082,126.2137905,128.1140728,130.0143551,131.9146374,133.8149197,135.715202,137.6154843,139.5157666
Mexico,121.207492,122.9849615,124.7624309,126.5399004,128.3173699,130.0948393,131.8723088,133.6497782,135.4272477,137.2047172,138.9821866,140.7596561,142.5371256
Middle income,129.1147384,131.285525,133.4563117,135.6270983,137.7978849,139.9686715,142.1394581,144.3102447,146.4810313,148.651818,150.8226046,152.9933912,155.1641778
Mali,139.1490498,141.5958275,144.0426052,146.489383,148.9361607,151.3829384,153.8297161,156.2764938,158.7232715,161.1700493,163.616827,166.0636047,168.5103824
Malta,113.533078,114.6958518,115.8586256,117.0213995,118.1841733,119.3469471,120.509721,121.6724948,122.8352686,123.9980424,125.1608163,126.3235901,127.4863639
Myanmar,124.8090712,126.965892,129.1227128,131.2795336,133.4363544,135.5931753,137.7499961,139.9068169,142.0636377,144.2204585,146.3772793,148.5341001,150.690921
Middle East & North Africa (excluding high income),123.8900918,125.97272,128.0553482,130.1379764,132.2206046,134.3032328,136.385861,138.4684891,140.5511173,142.6337455,144.7163737,146.7990019,148.8816301
Mongolia,134.4193111,134.9466667,135.4740223,136.0013779,136.5287335,137.0560891,137.5834446,138.1108002,138.6381558,139.1655114,139.692867,140.2202226,140.7475781
Mozambique,125.7690182,127.4082041,129.0473899,130.6865758,132.3257616,133.9649475,135.6041333,137.2433192,138.882505,140.5216908,142.1608767,143.8000625,145.4392484
Mauritania,115.2408138,116.7100606,118.1793073,119.648554,121.1178007,122.5870474,124.0562941,125.5255409,126.9947876,128.4640343,129.933281,131.4025277,132.8717744
Mauritius,100.8088618,101.2159176,101.6229735,102.0300293,102.4370852,102.844141,103.2511969,103.6582527,104.0653086,104.4723644,104.8794203,105.2864761,105.693532
Malawi,145.1499449,147.698351,150.2467572,152.7951633,155.3435694,157.8919755,160.4403817,162.9887878,165.5371939,168.0856,170.6340062,173.1824123,175.7308184
Malaysia,128.3219816,130.759688,133.1973944,135.6351008,138.0728072,140.5105136,142.94822,145.3859264,147.8236328,150.2613392,152.6990455,155.1367519,157.5744583
North America,116.5156858,117.8027214,119.089757,120.3767926,121.6638282,122.9508638,124.2378994,125.524935,126.8119706,128.0990062,129.3860418,130.6730774,131.960113
Namibia,94.06149914,94.38504875,94.70859836,95.03214797,95.35569758,95.67924718,96.00279679,96.3263464,96.64989601,96.97344561,97.29699522,97.62054483,97.94409444
New Caledonia,103.1578891,103.5440524,103.9302157,104.316379,104.7025423,105.0887056,105.474869,105.8610323,106.2471956,106.6333589,107.0195222,107.4056855,107.7918488
Niger,132.5192243,134.8086472,137.09807,139.3874929,141.6769158,143.9663386,146.2557615,148.5451843,150.8346072,153.12403,155.4134529,157.7028758,159.9922986
Nigeria,115.676866,117.608945,119.541024,121.473103,123.405182,125.337261,127.26934,129.201419,131.1334979,133.0655769,134.9976559,136.9297349,138.8618139
Nicaragua,116.4819659,118.1238667,119.7657675,121.4076683,123.049569,124.6914698,126.3333706,127.9752714,129.6171722,131.2590729,132.9009737,134.5428745,136.1847753
Netherlands,125.7513507,126.990089,128.2288273,129.4675655,130.7063038,131.9450421,133.1837804,134.4225187,135.6612569,136.8999952,138.1387335,139.3774718,140.6162101
Norway,106.0514625,106.3676138,106.683765,106.9999163,107.3160676,107.6322188,107.9483701,108.2645214,108.5806727,108.8968239,109.2129752,109.5291265,109.8452777
Nepal,127.4732233,129.5190227,131.564822,133.6106213,135.6564207,137.70222,139.7480193,141.7938187,143.839618,145.8854174,147.9312167,149.977016,152.0228154
Nauru,117.7860831,119.1937833,120.6014835,122.0091836,123.4168838,124.8245839,126.2322841,127.6399842,129.0476844,130.4553845,131.8630847,133.2707849,134.678485
New Zealand,114.5650668,115.9511405,117.3372142,118.7232879,120.1093616,121.4954353,122.881509,124.2675827,125.6536564,127.0397301,128.4258038,129.8118775,131.1979512
OECD members,117.920976,119.0798068,120.2386376,121.3974684,122.5562992,123.7151301,124.8739609,126.0327917,127.1916225,128.3504534,129.5092842,130.668115,131.8269458
Oman,130.0597652,132.49371,134.9276548,137.3615996,139.7955444,142.2294893,144.6634341,147.0973789,149.5313237,151.9652686,154.3992134,156.8331582,159.267103
Other small states,123.9728998,125.214256,126.4556122,127.6969684,128.9383246,130.1796808,131.421037,132.6623932,133.9037494,135.1451055,136.3864617,137.6278179,138.8691741
Pakistan,127.2748752,129.3861664,131.4974575,133.6087487,135.7200399,137.831331,139.9426222,142.0539134,144.1652045,146.2764957,148.3877869,150.499078,152.6103692
Panama,120.4399839,121.6155765,122.7911692,123.9667619,125.1423545,126.3179472,127.4935399,128.6691326,129.8447252,131.0203179,132.1959106,133.3715033,134.5470959
Peru,130.2834112,132.3648767,134.4463422,136.5278077,138.6092732,140.6907387,142.7722042,144.8536697,146.9351353,149.0166008,151.0980663,153.1795318,155.2609973
Philippines,122.3468807,124.1727435,125.9986063,127.824469,129.6503318,131.4761946,133.3020574,135.1279202,136.953783,138.7796457,140.6055085,142.4313713,144.2572341
Papua New Guinea,121.5093642,123.14858,124.7877957,126.4270114,128.0662272,129.7054429,131.3446587,132.9838744,134.6230901,136.2623059,137.9015216,139.5407373,141.1799531
Poland,110.1262824,110.5971128,111.0679432,111.5387736,112.009604,112.4804344,112.9512648,113.4220952,113.8929256,114.363756,114.8345864,115.3054168,115.7762472
Pre-demographic dividend,119.3697833,121.1387779,122.9077724,124.6767669,126.4457615,128.214756,129.9837505,131.7527451,133.5217396,135.2907341,137.0597287,138.8287232,140.5977177
Puerto Rico,85.48965574,83.90797942,82.3263031,80.74462678,79.16295046,77.58127414,75.99959782,74.4179215,72.83624519,71.25456887,69.67289255,68.09121623,66.50953991
"Korea, Dem. Peopleâ€™s Rep.",114.2099429,115.4648138,116.7196848,117.9745557,119.2294267,120.4842976,121.7391686,122.9940395,124.2489105,125.5037814,126.7586523,128.0135233,129.2683942
Portugal,107.5099776,108.1089054,108.7078333,109.3067611,109.9056889,110.5046167,111.1035445,111.7024723,112.3014001,112.9003279,113.4992558,114.0981836,114.6971114
Paraguay,147.3196463,149.9743619,152.6290775,155.2837931,157.9385087,160.5932244,163.24794,165.9026556,168.5573712,171.2120868,173.8668024,176.521518,179.1762336
Pacific island small states,116.7326174,117.7424199,118.7522224,119.762025,120.7718275,121.78163,122.7914325,123.8012351,124.8110376,125.8208401,126.8306426,127.8404452,128.8502477
Post-demographic dividend,116.9400933,118.0038112,119.0675291,120.131247,121.1949649,122.2586828,123.3224007,124.3861186,125.4498364,126.5135543,127.5772722,128.6409901,129.704708
French Polynesia,94.3144459,94.31280484,94.31116378,94.30952272,94.30788166,94.3062406,94.30459954,94.30295848,94.30131742,94.29967637,94.29803531,94.29639425,94.29475319
Qatar,157.4845982,160.42088,163.3571617,166.2934435,169.2297253,172.1660071,175.1022889,178.0385706,180.9748524,183.9111342,186.847416,189.7836978,192.7199795
Romania,105.9291578,106.3700433,106.8109288,107.2518143,107.6926998,108.1335853,108.5744708,109.0153563,109.4562418,109.8971273,110.3380128,110.7788983,111.2197837
Rwanda,137.4081611,139.5956957,141.7832302,143.9707647,146.1582992,148.3458337,150.5333682,152.7209028,154.9084373,157.0959718,159.2835063,161.4710408,163.6585754
South Asia,129.4388082,131.4117291,133.3846501,135.357571,137.330492,139.3034129,141.2763339,143.2492548,145.2221758,147.1950968,149.1680177,151.1409387,153.1138596
Saudi Arabia,120.5913956,122.7636281,124.9358607,127.1080932,129.2803257,131.4525583,133.6247908,135.7970234,137.9692559,140.1414884,142.313721,144.4859535,146.658186
Sudan,115.9686488,117.8657459,119.7628429,121.65994,123.557037,125.4541341,127.3512311,129.2483282,131.1454253,133.0425223,134.9396194,136.8367164,138.7338135
Senegal,123.4182822,124.7119648,126.0056475,127.2993302,128.5930129,129.8866956,131.1803783,132.474061,133.7677437,135.0614264,136.355109,137.6487917,138.9424744
Singapore,34.12001563,19.55392051,4.987825402,-9.57826971,-24.14436482,-38.71045993,-53.27655505,-67.84265016,-82.40874527,-96.97484038,-111.5409355,-126.1070306,-140.6731257
Solomon Islands,118.5882882,120.2781999,121.9681116,123.6580233,125.3479351,127.0378468,128.7277585,130.4176702,132.1075819,133.7974936,135.4874053,137.177317,138.8672287
Sierra Leone,132.6787839,134.7814425,136.884101,138.9867596,141.0894181,143.1920766,145.2947352,147.3973937,149.5000522,151.6027108,153.7053693,155.8080278,157.9106864
El Salvador,119.5065267,120.9643509,122.4221751,123.8799992,125.3378234,126.7956475,128.2534717,129.7112958,131.16912,132.6269441,134.0847683,135.5425924,137.0004166
Somalia,113.4145115,114.4189562,115.4234009,116.4278456,117.4322903,118.436735,119.4411797,120.4456244,121.4500691,122.4545138,123.4589585,124.4634032,125.4678479
Sub-Saharan Africa (excluding high income),119.7232053,121.4843358,123.2454663,125.0065968,126.7677273,128.5288578,130.2899884,132.0511189,133.8122494,135.5733799,137.3345104,139.0956409,140.8567714
Sub-Saharan Africa,119.8553776,121.6197965,123.3842153,125.1486342,126.9130531,128.6774719,130.4418908,132.2063096,133.9707285,135.7351473,137.4995662,139.2639851,141.0284039
Small states,116.3478264,117.3392601,118.3306938,119.3221275,120.3135611,121.3049948,122.2964285,123.2878622,124.2792959,125.2707296,126.2621633,127.253597,128.2450307
Sao Tome and Principe,102.4085867,103.1318317,103.8550768,104.5783219,105.3015669,106.024812,106.7480571,107.4713022,108.1945472,108.9177923,109.6410374,110.3642824,111.0875275
Suriname,146.2252444,147.5190844,148.8129244,150.1067644,151.4006044,152.6944444,153.9882844,155.2821244,156.5759644,157.8698044,159.1636444,160.4574844,161.7513244
Sweden,99.93148405,99.93315058,99.93481711,99.93648364,99.93815017,99.93981669,99.94148322,99.94314975,99.94481628,99.94648281,99.94814934,99.94981587,99.9514824
Eswatini,120.2245225,121.626056,123.0275894,124.4291229,125.8306563,127.2321898,128.6337232,130.0352567,131.4367902,132.8383236,134.2398571,135.6413905,137.042924
Seychelles,105.2065686,104.3057501,103.4049316,102.5041131,101.6032946,100.7024761,99.80165763,98.90083913,98.00002063,97.09920213,96.19838364,95.29756514,94.39674664
Syrian Arab Republic,102.9031259,104.5432924,106.1834589,107.8236254,109.4637918,111.1039583,112.7441248,114.3842913,116.0244578,117.6646243,119.3047908,120.9449573,122.5851238
Chad,131.8629576,133.9687782,136.0745988,138.1804194,140.28624,142.3920606,144.4978812,146.6037018,148.7095224,150.815343,152.9211636,155.0269842,157.1328048
East Asia & Pacific (IDA & IBRD countries),129.7469829,132.0937816,134.4405804,136.7873791,139.1341778,141.4809765,143.8277752,146.174574,148.5213727,150.8681714,153.2149701,155.5617689,157.9085676
Togo,128.9359325,130.8558854,132.7758383,134.6957912,136.6157441,138.535697,140.4556499,142.3756029,144.2955558,146.2155087,148.1354616,150.0554145,151.9753674
Thailand,127.6145054,129.4972428,131.3799803,133.2627178,135.1454553,137.0281927,138.9109302,140.7936677,142.6764051,144.5591426,146.4418801,148.3246176,150.207355
Latin America & the Caribbean (IDA & IBRD countries),122.6942989,124.6339496,126.5736003,128.513251,130.4529016,132.3925523,134.332203,136.2718536,138.2115043,140.151155,142.0908056,144.0304563,145.970107
Timor-Leste,111.7767976,112.2581297,112.7394618,113.2207939,113.702126,114.1834582,114.6647903,115.1461224,115.6274545,116.1087866,116.5901188,117.0714509,117.552783
Middle East & North Africa (IDA & IBRD countries),121.5676256,123.5912772,125.6149289,127.6385805,129.6622322,131.6858838,133.7095355,135.7331872,137.7568388,139.7804905,141.8041421,143.8277938,145.8514455
Tonga,115.6240975,115.6236674,115.6232372,115.6228071,115.622377,115.6219469,115.6215168,115.6210867,115.6206566,115.6202265,115.6197964,115.6193662,115.6189361
South Asia (IDA & IBRD),129.4068175,131.3789295,133.3510414,135.3231533,137.2952653,139.2673772,141.2394892,143.2116011,145.1837131,147.155825,149.127937,151.1000489,153.0721609
Sub-Saharan Africa (IDA & IBRD countries),119.8827649,121.6478882,123.4130114,125.1781347,126.943258,128.7083812,130.4735045,132.2386278,134.003751,135.7688743,137.5339976,139.2991208,141.0642441
Trinidad and Tobago,91.47901301,91.2649057,91.0507984,90.83669109,90.62258378,90.40847648,90.19436917,89.98026186,89.76615455,89.55204725,89.33793994,89.12383263,88.90972533
Tunisia,121.3793101,123.2071317,125.0349534,126.862775,128.6905967,130.5184183,132.34624,134.1740616,136.0018833,137.8297049,139.6575266,141.4853482,143.3131699
Turkey,126.4141284,128.1199161,129.8257037,131.5314914,133.237279,134.9430667,136.6488543,138.354642,140.0604296,141.7662172,143.4720049,145.1777925,146.8835802
Tuvalu,105.3474332,106.0310205,106.7146079,107.3981952,108.0817825,108.7653698,109.4489571,110.1325445,110.8161318,111.4997191,112.1833064,112.8668938,113.5504811
Tanzania,140.0916324,142.4244723,144.7573121,147.0901519,149.4229918,151.7558316,154.0886715,156.4215113,158.7543511,161.087191,163.4200308,165.7528707,168.0857105
Uganda,106.821393,108.1503082,109.4792235,110.8081388,112.137054,113.4659693,114.7948845,116.1237998,117.4527151,118.7816303,120.1105456,121.4394608,122.7683761
Upper middle income,123.5651018,125.6563953,127.7476889,129.8389824,131.930276,134.0215695,136.1128631,138.2041567,140.2954502,142.3867438,144.4780373,146.5693309,148.6606245
Uruguay,114.4285994,115.8658945,117.3031896,118.7404848,120.1777799,121.615075,123.0523702,124.4896653,125.9269604,127.3642556,128.8015507,130.2388459,131.676141
United States,117.8999428,119.1986394,120.497336,121.7960326,123.0947292,124.3934259,125.6921225,126.9908191,128.2895157,129.5882123,130.8869089,132.1856055,133.4843021
St. Vincent and the Grenadines,114.4620385,114.7376403,115.0132421,115.2888439,115.5644457,115.8400475,116.1156493,116.3912511,116.6668528,116.9424546,117.2180564,117.4936582,117.76926
"Venezuela, RB",123.9485751,125.735361,127.5221468,129.3089326,131.0957185,132.8825043,134.6692902,136.456076,138.2428618,140.0296477,141.8164335,143.6032194,145.3900052
British Virgin Islands,105.652679,106.1267105,106.6007419,107.0747734,107.5488049,108.0228364,108.4968679,108.9708994,109.4449309,109.9189624,110.3929939,110.8670254,111.3410568
Virgin Islands (U.S.),75.65539789,74.08236054,72.50932318,70.93628582,69.36324846,67.7902111,66.21717374,64.64413638,63.07109902,61.49806166,59.9250243,58.35198694,56.77894958
Vietnam,125.8233947,128.0579953,130.2925958,132.5271964,134.7617969,136.9963975,139.230998,141.4655985,143.7001991,145.9347996,148.1694002,150.4040007,152.6386013
Vanuatu,125.8681523,126.9036042,127.9390561,128.974508,130.0099599,131.0454118,132.0808637,133.1163156,134.1517674,135.1872193,136.2226712,137.2581231,138.293575
World,122.363027,124.1152682,125.8675094,127.6197506,129.3719917,131.1242329,132.8764741,134.6287153,136.3809565,138.1331977,139.8854389,141.6376801,143.3899213
Samoa,105.208843,105.468483,105.728123,105.9877629,106.2474029,106.5070428,106.7666828,107.0263228,107.2859627,107.5456027,107.8052426,108.0648826,108.3245225
"Yemen, Rep.",130.2879562,132.4474329,134.6069096,136.7663863,138.925863,141.0853398,143.2448165,145.4042932,147.5637699,149.7232467,151.8827234,154.0422001,156.2016768
South Africa,120.8344956,122.2611613,123.687827,125.1144927,126.5411585,127.9678242,129.3944899,130.8211556,132.2478213,133.674487,135.1011527,136.5278184,137.9544841
Zambia,151.3807411,153.878811,156.3768809,158.8749509,161.3730208,163.8710907,166.3691606,168.8672305,171.3653005,173.8633704,176.3614403,178.8595102,181.3575801
Zimbabwe,101.8666795,102.7386553,103.6106312,104.482607,105.3545828,106.2265586,107.0985344,107.9705103,108.8424861,109.7144619,110.5864377,111.4584135,112.3303894
